"FullName","Length"
"E:\PowerBuilder-decompile\Proactivesoft\HR\dw2xls_pb7.pbd","1092608"
"E:\PowerBuilder-decompile\Proactivesoft\HR\emp_g1.pbd","21504"
"E:\PowerBuilder-decompile\Proactivesoft\HR\emp_gr1.pbd","4608"
"E:\PowerBuilder-decompile\Proactivesoft\HR\emp_l1.pbd","153600"
"E:\PowerBuilder-decompile\Proactivesoft\HR\emp_q1.pbd","4608"
"E:\PowerBuilder-decompile\Proactivesoft\HR\emp_r1.pbd","441344"
"E:\PowerBuilder-decompile\Proactivesoft\HR\emp_request.pbd","382464"
"E:\PowerBuilder-decompile\Proactivesoft\HR\emp_s1.pbd","1446912"
"E:\PowerBuilder-decompile\Proactivesoft\HR\emp_s2.pbd","1767424"
"E:\PowerBuilder-decompile\Proactivesoft\HR\emp_s3.pbd","1369088"
"E:\PowerBuilder-decompile\Proactivesoft\HR\emp_s4.pbd","849920"
"E:\PowerBuilder-decompile\Proactivesoft\HR\emp_t1.pbd","1750528"
"E:\PowerBuilder-decompile\Proactivesoft\HR\emp_temp.pbd","8343040"
"E:\PowerBuilder-decompile\Proactivesoft\HR\erp_link.pbd","7680"
"E:\PowerBuilder-decompile\Proactivesoft\HR\hr.pbd","1481728"
"E:\PowerBuilder-decompile\Proactivesoft\HR\pay_g1.pbd","1035776"
"E:\PowerBuilder-decompile\Proactivesoft\HR\pay_gr1.pbd","4608"
"E:\PowerBuilder-decompile\Proactivesoft\HR\pay_l1.pbd","55296"
"E:\PowerBuilder-decompile\Proactivesoft\HR\pay_q1.pbd","4608"
"E:\PowerBuilder-decompile\Proactivesoft\HR\pay_r1.pbd","688128"
"E:\PowerBuilder-decompile\Proactivesoft\HR\pay_s1.pbd","614400"
"E:\PowerBuilder-decompile\Proactivesoft\HR\pay_s2.pbd","1086976"
"E:\PowerBuilder-decompile\Proactivesoft\HR\pay_s3.pbd","270848"
"E:\PowerBuilder-decompile\Proactivesoft\HR\pay_t1.pbd","547328"
"E:\PowerBuilder-decompile\Proactivesoft\HR\pay_temp.pbd","711680"
"E:\PowerBuilder-decompile\Proactivesoft\HR\pbclassdw.pbd","174592"
"E:\PowerBuilder-decompile\Proactivesoft\HR\pbclassm.pbd","849920"
"E:\PowerBuilder-decompile\Proactivesoft\HR\pbclassuo1.pbd","346112"
"E:\PowerBuilder-decompile\Proactivesoft\HR\pbclassuo2.pbd","465408"
"E:\PowerBuilder-decompile\Proactivesoft\HR\pbclassuo3.pbd","538624"
"E:\PowerBuilder-decompile\Proactivesoft\HR\pbclassw.pbd","544768"
"E:\PowerBuilder-decompile\Proactivesoft\HR\ws_z.pbd","2033152"
"E:\PowerBuilder-decompile\Proactivesoft\Proactive Cars Sales System\cars.pbd","2303488"
"E:\PowerBuilder-decompile\Proactivesoft\Proactive Cars Sales System\cars_custom.pbd","1005056"
"E:\PowerBuilder-decompile\Proactivesoft\Proactive Cars Sales System\cars_erplink.pbd","2720256"
"E:\PowerBuilder-decompile\Proactivesoft\Proactive Cars Sales System\cars_r1.pbd","9247232"
"E:\PowerBuilder-decompile\Proactivesoft\Proactive Cars Sales System\cars_r2 - Copy.pbd","4917760"
"E:\PowerBuilder-decompile\Proactivesoft\Proactive Cars Sales System\cars_r2.pbd","5254656"
"E:\PowerBuilder-decompile\Proactivesoft\Proactive Cars Sales System\cars_r3.pbd","1449472"
"E:\PowerBuilder-decompile\Proactivesoft\Proactive Cars Sales System\cars_s1.pbd","7426560"
"E:\PowerBuilder-decompile\Proactivesoft\Proactive Cars Sales System\cars_s2.pbd","2202624"
"E:\PowerBuilder-decompile\Proactivesoft\Proactive Cars Sales System\cars_s3.pbd","1310208"
"E:\PowerBuilder-decompile\Proactivesoft\Proactive Cars Sales System\cars_t1.pbd","10800128"
"E:\PowerBuilder-decompile\Proactivesoft\Proactive Cars Sales System\cars_t2.pbd","4014080"
"E:\PowerBuilder-decompile\Proactivesoft\Proactive Cars Sales System\cars_t3.pbd","7024640"
"E:\PowerBuilder-decompile\Proactivesoft\Proactive Cars Sales System\cars_t4.pbd","2419712"
"E:\PowerBuilder-decompile\Proactivesoft\Proactive Cars Sales System\crm.pbd","264704"
"E:\PowerBuilder-decompile\Proactivesoft\Proactive Cars Sales System\crm_g1.pbd","1144832"
"E:\PowerBuilder-decompile\Proactivesoft\Proactive Cars Sales System\crm_g2.pbd","704512"
"E:\PowerBuilder-decompile\Proactivesoft\Proactive Cars Sales System\crm_g3.pbd","859648"
"E:\PowerBuilder-decompile\Proactivesoft\Proactive Cars Sales System\crm_g4.pbd","550400"
"E:\PowerBuilder-decompile\Proactivesoft\Proactive Cars Sales System\dw2xls_pb7.pbd","1092096"
"E:\PowerBuilder-decompile\Proactivesoft\Proactive Cars Sales System\emp_temp.pbd","4978688"
"E:\PowerBuilder-decompile\Proactivesoft\Proactive Cars Sales System\pbclassdw.pbd","218624"
"E:\PowerBuilder-decompile\Proactivesoft\Proactive Cars Sales System\pbclassm.pbd","828928"
"E:\PowerBuilder-decompile\Proactivesoft\Proactive Cars Sales System\pbclassuo1.pbd","348160"
"E:\PowerBuilder-decompile\Proactivesoft\Proactive Cars Sales System\pbclassuo2.pbd","464384"
"E:\PowerBuilder-decompile\Proactivesoft\Proactive Cars Sales System\pbclassuo3.pbd","543744"
"E:\PowerBuilder-decompile\Proactivesoft\Proactive Cars Sales System\pbclassw.pbd","615936"
"E:\PowerBuilder-decompile\Proactivesoft\Proactive Cars Sales System\temp.pbd","216576"
"E:\PowerBuilder-decompile\Proactivesoft\Proactive CRM\almasry_alyoum.pbd","1064448"
"E:\PowerBuilder-decompile\Proactivesoft\Proactive CRM\carina.pbd","721408"
"E:\PowerBuilder-decompile\Proactivesoft\Proactive CRM\crm.pbd","1618432"
"E:\PowerBuilder-decompile\Proactivesoft\Proactive CRM\crmtel.pbd","9216"
"E:\PowerBuilder-decompile\Proactivesoft\Proactive CRM\crm_abughaly.pbd","620032"
"E:\PowerBuilder-decompile\Proactivesoft\Proactive CRM\crm_ams.pbd","783360"
"E:\PowerBuilder-decompile\Proactivesoft\Proactive CRM\crm_art.pbd","457728"
"E:\PowerBuilder-decompile\Proactivesoft\Proactive CRM\crm_brutele.pbd","209920"
"E:\PowerBuilder-decompile\Proactivesoft\Proactive CRM\crm_car.pbd","858624"
"E:\PowerBuilder-decompile\Proactivesoft\Proactive CRM\crm_cbe.pbd","1561088"
"E:\PowerBuilder-decompile\Proactivesoft\Proactive CRM\crm_cbe2.pbd","1774080"
"E:\PowerBuilder-decompile\Proactivesoft\Proactive CRM\crm_chipsy.pbd","1536512"
"E:\PowerBuilder-decompile\Proactivesoft\Proactive CRM\crm_dds.pbd","128000"
"E:\PowerBuilder-decompile\Proactivesoft\Proactive CRM\crm_dsl.pbd","279552"
"E:\PowerBuilder-decompile\Proactivesoft\Proactive CRM\crm_ecr.pbd","306688"
"E:\PowerBuilder-decompile\Proactivesoft\Proactive CRM\crm_g1.pbd","1863680"
"E:\PowerBuilder-decompile\Proactivesoft\Proactive CRM\crm_g2.pbd","999936"
"E:\PowerBuilder-decompile\Proactivesoft\Proactive CRM\crm_g3.pbd","1309696"
"E:\PowerBuilder-decompile\Proactivesoft\Proactive CRM\crm_g4.pbd","800768"
"E:\PowerBuilder-decompile\Proactivesoft\Proactive CRM\crm_gourment.pbd","653312"
"E:\PowerBuilder-decompile\Proactivesoft\Proactive CRM\crm_hayat.pbd","822784"
"E:\PowerBuilder-decompile\Proactivesoft\Proactive CRM\crm_ibnsina.pbd","347136"
"E:\PowerBuilder-decompile\Proactivesoft\Proactive CRM\crm_kent.pbd","1078784"
"E:\PowerBuilder-decompile\Proactivesoft\Proactive CRM\crm_law.pbd","300544"
"E:\PowerBuilder-decompile\Proactivesoft\Proactive CRM\crm_mortgage_2.pbd","242688"
"E:\PowerBuilder-decompile\Proactivesoft\Proactive CRM\crm_nesco.pbd","601600"
"E:\PowerBuilder-decompile\Proactivesoft\Proactive CRM\crm_pcr.pbd","394752"
"E:\PowerBuilder-decompile\Proactivesoft\Proactive CRM\crm_pepsi.pbd","1908224"
"E:\PowerBuilder-decompile\Proactivesoft\Proactive CRM\crm_r1.pbd","1531392"
"E:\PowerBuilder-decompile\Proactivesoft\Proactive CRM\crm_r2.pbd","4360192"
"E:\PowerBuilder-decompile\Proactivesoft\Proactive CRM\crm_r4.pbd","1543680"
"E:\PowerBuilder-decompile\Proactivesoft\Proactive CRM\crm_r5.pbd","1700352"
"E:\PowerBuilder-decompile\Proactivesoft\Proactive CRM\crm_r_spec.pbd","1035264"
"E:\PowerBuilder-decompile\Proactivesoft\Proactive CRM\crm_s1.pbd","2768896"
"E:\PowerBuilder-decompile\Proactivesoft\Proactive CRM\crm_s2.pbd","1328128"
"E:\PowerBuilder-decompile\Proactivesoft\Proactive CRM\crm_s3.pbd","2189824"
"E:\PowerBuilder-decompile\Proactivesoft\Proactive CRM\crm_s4.pbd","1198080"
"E:\PowerBuilder-decompile\Proactivesoft\Proactive CRM\crm_s5.pbd","427008"
"E:\PowerBuilder-decompile\Proactivesoft\Proactive CRM\crm_t1.pbd","4141056"
"E:\PowerBuilder-decompile\Proactivesoft\Proactive CRM\crm_t2.pbd","1181184"
"E:\PowerBuilder-decompile\Proactivesoft\Proactive CRM\crm_t4.pbd","1091072"
"E:\PowerBuilder-decompile\Proactivesoft\Proactive CRM\crm_t5.pbd","627200"
"E:\PowerBuilder-decompile\Proactivesoft\Proactive CRM\crm_t6.pbd","1806336"
"E:\PowerBuilder-decompile\Proactivesoft\Proactive CRM\crm_t7.pbd","731648"
"E:\PowerBuilder-decompile\Proactivesoft\Proactive CRM\crm_t8.pbd","988160"
"E:\PowerBuilder-decompile\Proactivesoft\Proactive CRM\crm_t9.pbd","960512"
"E:\PowerBuilder-decompile\Proactivesoft\Proactive CRM\crm_usa_mortgage.pbd","386560"
"E:\PowerBuilder-decompile\Proactivesoft\Proactive CRM\crm_vodafone.pbd","1886208"
"E:\PowerBuilder-decompile\Proactivesoft\Proactive CRM\crm_wayout.pbd","604160"
"E:\PowerBuilder-decompile\Proactivesoft\Proactive CRM\crm_wayoutdsl.pbd","634880"
"E:\PowerBuilder-decompile\Proactivesoft\Proactive CRM\crm_ws.pbd","7561216"
"E:\PowerBuilder-decompile\Proactivesoft\Proactive CRM\crm_yellowpages.pbd","305664"
"E:\PowerBuilder-decompile\Proactivesoft\Proactive CRM\dw2xls_pb7.pbd","1092608"
"E:\PowerBuilder-decompile\Proactivesoft\Proactive CRM\farahtel.pbd","668160"
"E:\PowerBuilder-decompile\Proactivesoft\Proactive CRM\isys.pbd","435200"
"E:\PowerBuilder-decompile\Proactivesoft\Proactive CRM\mahindra.pbd","340480"
"E:\PowerBuilder-decompile\Proactivesoft\Proactive CRM\mansour.pbd","1577472"
"E:\PowerBuilder-decompile\Proactivesoft\Proactive CRM\omniat.pbd","1160704"
"E:\PowerBuilder-decompile\Proactivesoft\Proactive CRM\p3_util_print2pdf.pbd","107008"
"E:\PowerBuilder-decompile\Proactivesoft\Proactive CRM\pbclassdw.pbd","230400"
"E:\PowerBuilder-decompile\Proactivesoft\Proactive CRM\pbclassm.pbd","733696"
"E:\PowerBuilder-decompile\Proactivesoft\Proactive CRM\pbclassuo1.pbd","370688"
"E:\PowerBuilder-decompile\Proactivesoft\Proactive CRM\pbclassuo2.pbd","428544"
"E:\PowerBuilder-decompile\Proactivesoft\Proactive CRM\pbclassuo3.pbd","564224"
"E:\PowerBuilder-decompile\Proactivesoft\Proactive CRM\pbclassw.pbd","488448"
"E:\PowerBuilder-decompile\Proactivesoft\Proactive CRM\powerfilter.pbd","664576"
"E:\PowerBuilder-decompile\Proactivesoft\Proactive CRM\spi.pbd","11159552"
"E:\PowerBuilder-decompile\Proactivesoft\Proactive CRM\tamweel.pbd","662016"
"E:\PowerBuilder-decompile\Proactivesoft\Proactive CRM\tedata.pbd","208896"
"E:\PowerBuilder-decompile\Proactivesoft\Proactive CRM\temporary.pbd","129024"
"E:\PowerBuilder-decompile\Proactivesoft\Proactive CRM\test.pbd","55808"
"E:\PowerBuilder-decompile\Proactivesoft\Proactive CRM\te_data.pbd","514048"
"E:\PowerBuilder-decompile\Proactivesoft\Proactive CRM\uk.pbd","1281536"
"E:\PowerBuilder-decompile\Proactivesoft\Proactive General Ledger System\app_led.pbd","5444096"
"E:\PowerBuilder-decompile\Proactivesoft\Proactive General Ledger System\app_led2.pbd","3657728"
"E:\PowerBuilder-decompile\Proactivesoft\Proactive General Ledger System\bal_rep.pbd","5521408"
"E:\PowerBuilder-decompile\Proactivesoft\Proactive General Ledger System\browse.pbd","1192960"
"E:\PowerBuilder-decompile\Proactivesoft\Proactive General Ledger System\coolmenu.pbd","183296"
"E:\PowerBuilder-decompile\Proactivesoft\Proactive General Ledger System\Copy of uo_dll.pbd","99328"
"E:\PowerBuilder-decompile\Proactivesoft\Proactive General Ledger System\dw2xls.pbd","1092608"
"E:\PowerBuilder-decompile\Proactivesoft\Proactive General Ledger System\dw2xls_pb7.pbd","1092608"
"E:\PowerBuilder-decompile\Proactivesoft\Proactive General Ledger System\gl_doc.pbd","662016"
"E:\PowerBuilder-decompile\Proactivesoft\Proactive General Ledger System\hm_rep.pbd","1714688"
"E:\PowerBuilder-decompile\Proactivesoft\Proactive General Ledger System\jor_rep.pbd","866816"
"E:\PowerBuilder-decompile\Proactivesoft\Proactive General Ledger System\jv_carposting.pbd","1100288"
"E:\PowerBuilder-decompile\Proactivesoft\Proactive General Ledger System\jv_pcrposting.pbd","2415104"
"E:\PowerBuilder-decompile\Proactivesoft\Proactive General Ledger System\jv_pofapostion.pbd","335872"
"E:\PowerBuilder-decompile\Proactivesoft\Proactive General Ledger System\jv_posting.pbd","2665984"
"E:\PowerBuilder-decompile\Proactivesoft\Proactive General Ledger System\lib.pbd","956416"
"E:\PowerBuilder-decompile\Proactivesoft\Proactive General Ledger System\new_rep.pbd","8789504"
"E:\PowerBuilder-decompile\Proactivesoft\Proactive General Ledger System\pb2xls_pb7.pbd","650240"
"E:\PowerBuilder-decompile\Proactivesoft\Proactive General Ledger System\pm.pbd","321024"
"E:\PowerBuilder-decompile\Proactivesoft\Proactive General Ledger System\reservation.pbd","2008064"
"E:\PowerBuilder-decompile\Proactivesoft\Proactive General Ledger System\tabled.pbd","1004544"
"E:\PowerBuilder-decompile\Proactivesoft\Proactive General Ledger System\unix - Copy.pbd","3118080"
"E:\PowerBuilder-decompile\Proactivesoft\Proactive General Ledger System\unix.pbd","3321856"
"E:\PowerBuilder-decompile\Proactivesoft\Proactive General Ledger System\uo_dll.pbd","99328"
"E:\PowerBuilder-decompile\Proactivesoft\Proactive General Ledger System\utlfunc.pbd","200192"
"E:\PowerBuilder-decompile\Proactivesoft\Proactive General Ledger System\utlwin.pbd","486400"
"E:\PowerBuilder-decompile\Proactivesoft\Proactive General Ledger System\webledger.pbd","44544"
"E:\PowerBuilder-decompile\Proactivesoft\Proactive General Ledger System\ws.pbd","2114048"
"E:\PowerBuilder-decompile\Proactivesoft\Proactive General Ledger System\ws_r4.pbd","3661824"
"E:\PowerBuilder-decompile\Proactivesoft\Proactive General Ledger System\ws_sales.pbd","3024384"
"E:\PowerBuilder-decompile\Proactivesoft\Proactive General Ledger System\ws_t2.pbd","2598912"
"E:\PowerBuilder-decompile\Proactivesoft\Proactive General Ledger System\ws_t3.pbd","4103168"
"E:\PowerBuilder-decompile\Proactivesoft\Proactive General Ledger System\ws_t5.pbd","1622016"
"E:\PowerBuilder-decompile\Proactivesoft\Proactive Stock Control System\advguicontrols.pbd","1160192"
"E:\PowerBuilder-decompile\Proactivesoft\Proactive Stock Control System\advguiobjects.pbd","1970688"
"E:\PowerBuilder-decompile\Proactivesoft\Proactive Stock Control System\apar_r1.pbd","1430528"
"E:\PowerBuilder-decompile\Proactivesoft\Proactive Stock Control System\apar_s1.pbd","4608"
"E:\PowerBuilder-decompile\Proactivesoft\Proactive Stock Control System\apar_t1.pbd","394240"
"E:\PowerBuilder-decompile\Proactivesoft\Proactive Stock Control System\dw2xls_pb7.pbd","1095680"
"E:\PowerBuilder-decompile\Proactivesoft\Proactive Stock Control System\mf_r1.pbd","4608"
"E:\PowerBuilder-decompile\Proactivesoft\Proactive Stock Control System\mf_s1.pbd","158720"
"E:\PowerBuilder-decompile\Proactivesoft\Proactive Stock Control System\mf_t1.pbd","569856"
"E:\PowerBuilder-decompile\Proactivesoft\Proactive Stock Control System\pbclassdw.pbd","192512"
"E:\PowerBuilder-decompile\Proactivesoft\Proactive Stock Control System\pbclassm.pbd","970240"
"E:\PowerBuilder-decompile\Proactivesoft\Proactive Stock Control System\pbclassuo1.pbd","346112"
"E:\PowerBuilder-decompile\Proactivesoft\Proactive Stock Control System\pbclassuo2.pbd","481792"
"E:\PowerBuilder-decompile\Proactivesoft\Proactive Stock Control System\pbclassuo3.pbd","480256"
"E:\PowerBuilder-decompile\Proactivesoft\Proactive Stock Control System\pbclassw.pbd","565248"
"E:\PowerBuilder-decompile\Proactivesoft\Proactive Stock Control System\picturecontrol.pbd","2951680"
"E:\PowerBuilder-decompile\Proactivesoft\Proactive Stock Control System\pm.pbd","322560"
"E:\PowerBuilder-decompile\Proactivesoft\Proactive Stock Control System\powerfilter.pbd","664576"
"E:\PowerBuilder-decompile\Proactivesoft\Proactive Stock Control System\reservation.pbd","2283008"
"E:\PowerBuilder-decompile\Proactivesoft\Proactive Stock Control System\stock - Copy.pbd","1781760"
"E:\PowerBuilder-decompile\Proactivesoft\Proactive Stock Control System\stock.pbd","2490880"
"E:\PowerBuilder-decompile\Proactivesoft\Proactive Stock Control System\stock_account.pbd","4420608"
"E:\PowerBuilder-decompile\Proactivesoft\Proactive Stock Control System\stock_customer.pbd","1195520"
"E:\PowerBuilder-decompile\Proactivesoft\Proactive Stock Control System\stock_fleet.pbd","862208"
"E:\PowerBuilder-decompile\Proactivesoft\Proactive Stock Control System\stock_g1.pbd","2847232"
"E:\PowerBuilder-decompile\Proactivesoft\Proactive Stock Control System\stock_g2.pbd","1024512"
"E:\PowerBuilder-decompile\Proactivesoft\Proactive Stock Control System\stock_gas.pbd","1619968"
"E:\PowerBuilder-decompile\Proactivesoft\Proactive Stock Control System\stock_inv.pbd","2611200"
"E:\PowerBuilder-decompile\Proactivesoft\Proactive Stock Control System\stock_r1.pbd","6418944"
"E:\PowerBuilder-decompile\Proactivesoft\Proactive Stock Control System\stock_r2.pbd","4145152"
"E:\PowerBuilder-decompile\Proactivesoft\Proactive Stock Control System\stock_r3.pbd","3234816"
"E:\PowerBuilder-decompile\Proactivesoft\Proactive Stock Control System\stock_r4 - Copy.pbd","2933248"
"E:\PowerBuilder-decompile\Proactivesoft\Proactive Stock Control System\stock_r4.pbd","3229696"
"E:\PowerBuilder-decompile\Proactivesoft\Proactive Stock Control System\stock_s1 - Copy.pbd","3037184"
"E:\PowerBuilder-decompile\Proactivesoft\Proactive Stock Control System\stock_s1.pbd","4037632"
"E:\PowerBuilder-decompile\Proactivesoft\Proactive Stock Control System\stock_s2.pbd","1058816"
"E:\PowerBuilder-decompile\Proactivesoft\Proactive Stock Control System\stock_s3.pbd","1934336"
"E:\PowerBuilder-decompile\Proactivesoft\Proactive Stock Control System\stock_t1.pbd","6543872"
"E:\PowerBuilder-decompile\Proactivesoft\Proactive Stock Control System\stock_t2.pbd","2082816"
"E:\PowerBuilder-decompile\Proactivesoft\Proactive Stock Control System\stock_t3.pbd","2542080"
"E:\PowerBuilder-decompile\Proactivesoft\Proactive Stock Control System\stock_t4.pbd","1568768"
"E:\PowerBuilder-decompile\Proactivesoft\Proactive Stock Control System\timecontrol.pbd","2544640"
"E:\PowerBuilder-decompile\Proactivesoft\Proactive Stock Control System\ws.pbd","3564544"
"E:\PowerBuilder-decompile\Proactivesoft\Proactive Stock Control System\ws_backup.pbd","1493504"
"E:\PowerBuilder-decompile\Proactivesoft\Proactive Stock Control System\ws_custom.pbd","2129408"
"E:\PowerBuilder-decompile\Proactivesoft\Proactive Stock Control System\ws_fleet.pbd","1171456"
"E:\PowerBuilder-decompile\Proactivesoft\Proactive Stock Control System\ws_gr1.pbd","2288128"
"E:\PowerBuilder-decompile\Proactivesoft\Proactive Stock Control System\ws_gr2.pbd","653312"
"E:\PowerBuilder-decompile\Proactivesoft\Proactive Stock Control System\ws_new.pbd","1390080"
"E:\PowerBuilder-decompile\Proactivesoft\Proactive Stock Control System\ws_q1.pbd","315392"
"E:\PowerBuilder-decompile\Proactivesoft\Proactive Stock Control System\ws_r1.pbd","5539840"
"E:\PowerBuilder-decompile\Proactivesoft\Proactive Stock Control System\ws_r2.pbd","3491840"
"E:\PowerBuilder-decompile\Proactivesoft\Proactive Stock Control System\ws_r3.pbd","3437568"
"E:\PowerBuilder-decompile\Proactivesoft\Proactive Stock Control System\ws_r4.pbd","4782080"
"E:\PowerBuilder-decompile\Proactivesoft\Proactive Stock Control System\ws_s1.pbd","3434496"
"E:\PowerBuilder-decompile\Proactivesoft\Proactive Stock Control System\ws_s2.pbd","3707392"
"E:\PowerBuilder-decompile\Proactivesoft\Proactive Stock Control System\ws_s3.pbd","2808832"
"E:\PowerBuilder-decompile\Proactivesoft\Proactive Stock Control System\ws_sales.pbd","3169280"
"E:\PowerBuilder-decompile\Proactivesoft\Proactive Stock Control System\ws_stock.pbd","733696"
"E:\PowerBuilder-decompile\Proactivesoft\Proactive Stock Control System\ws_t1.pbd","4427264"
"E:\PowerBuilder-decompile\Proactivesoft\Proactive Stock Control System\ws_t2.pbd","3462144"
"E:\PowerBuilder-decompile\Proactivesoft\Proactive Stock Control System\ws_t3.pbd","4361216"
"E:\PowerBuilder-decompile\Proactivesoft\Proactive Stock Control System\ws_t4.pbd","1082368"
"E:\PowerBuilder-decompile\Proactivesoft\Proactive Stock Control System\ws_t5.pbd","2501632"
"E:\PowerBuilder-decompile\Proactivesoft\Workshop Management System\advguicontrols - Copy.pbd","1160192"
"E:\PowerBuilder-decompile\Proactivesoft\Workshop Management System\advguicontrols.pbd","1160192"
"E:\PowerBuilder-decompile\Proactivesoft\Workshop Management System\advguiobjects - Copy.pbd","1970688"
"E:\PowerBuilder-decompile\Proactivesoft\Workshop Management System\advguiobjects.pbd","1970688"
"E:\PowerBuilder-decompile\Proactivesoft\Workshop Management System\advguithemes.pbd","111104"
"E:\PowerBuilder-decompile\Proactivesoft\Workshop Management System\app_led.pbd","5667328"
"E:\PowerBuilder-decompile\Proactivesoft\Workshop Management System\app_led2.pbd","3076096"
"E:\PowerBuilder-decompile\Proactivesoft\Workshop Management System\bal_rep.pbd","5256704"
"E:\PowerBuilder-decompile\Proactivesoft\Workshop Management System\browse - Copy.pbd","2123264"
"E:\PowerBuilder-decompile\Proactivesoft\Workshop Management System\browse.pbd","2123264"
"E:\PowerBuilder-decompile\Proactivesoft\Workshop Management System\coolmenu.pbd","183296"
"E:\PowerBuilder-decompile\Proactivesoft\Workshop Management System\dashbase.pbd","561664"
"E:\PowerBuilder-decompile\Proactivesoft\Workshop Management System\dw2xls.pbd","1092608"
"E:\PowerBuilder-decompile\Proactivesoft\Workshop Management System\dw2xls_pb7 - Copy.pbd","1092608"
"E:\PowerBuilder-decompile\Proactivesoft\Workshop Management System\dw2xls_pb7.pbd","1092608"
"E:\PowerBuilder-decompile\Proactivesoft\Workshop Management System\gl_doc.pbd","471040"
"E:\PowerBuilder-decompile\Proactivesoft\Workshop Management System\hm_rep - Copy.pbd","1289216"
"E:\PowerBuilder-decompile\Proactivesoft\Workshop Management System\hm_rep.pbd","1289216"
"E:\PowerBuilder-decompile\Proactivesoft\Workshop Management System\hr - Copy.pbd","428544"
"E:\PowerBuilder-decompile\Proactivesoft\Workshop Management System\hr.pbd","428544"
"E:\PowerBuilder-decompile\Proactivesoft\Workshop Management System\jor_rep.pbd","740352"
"E:\PowerBuilder-decompile\Proactivesoft\Workshop Management System\jv_carposting.pbd","1053696"
"E:\PowerBuilder-decompile\Proactivesoft\Workshop Management System\jv_pcrposting.pbd","2408960"
"E:\PowerBuilder-decompile\Proactivesoft\Workshop Management System\jv_pofapostion.pbd","321536"
"E:\PowerBuilder-decompile\Proactivesoft\Workshop Management System\jv_posting.pbd","2347008"
"E:\PowerBuilder-decompile\Proactivesoft\Workshop Management System\lib.pbd","590336"
"E:\PowerBuilder-decompile\Proactivesoft\Workshop Management System\new_rep.pbd","2080256"
"E:\PowerBuilder-decompile\Proactivesoft\Workshop Management System\pbclassdw - Copy.pbd","194048"
"E:\PowerBuilder-decompile\Proactivesoft\Workshop Management System\pbclassdw.pbd","197632"
"E:\PowerBuilder-decompile\Proactivesoft\Workshop Management System\pbclassm - Copy.pbd","839168"
"E:\PowerBuilder-decompile\Proactivesoft\Workshop Management System\pbclassm.pbd","839168"
"E:\PowerBuilder-decompile\Proactivesoft\Workshop Management System\pbclassuo1 - Copy.pbd","351232"
"E:\PowerBuilder-decompile\Proactivesoft\Workshop Management System\pbclassuo1.pbd","351232"
"E:\PowerBuilder-decompile\Proactivesoft\Workshop Management System\pbclassuo2 - Copy.pbd","468480"
"E:\PowerBuilder-decompile\Proactivesoft\Workshop Management System\pbclassuo2.pbd","468480"
"E:\PowerBuilder-decompile\Proactivesoft\Workshop Management System\pbclassuo3 - Copy.pbd","543232"
"E:\PowerBuilder-decompile\Proactivesoft\Workshop Management System\pbclassuo3.pbd","543232"
"E:\PowerBuilder-decompile\Proactivesoft\Workshop Management System\pbclassw - Copy.pbd","618496"
"E:\PowerBuilder-decompile\Proactivesoft\Workshop Management System\pbclassw.pbd","623104"
"E:\PowerBuilder-decompile\Proactivesoft\Workshop Management System\picturecontrol - Copy.pbd","2951680"
"E:\PowerBuilder-decompile\Proactivesoft\Workshop Management System\picturecontrol.pbd","2951680"
"E:\PowerBuilder-decompile\Proactivesoft\Workshop Management System\pm - Copy.pbd","324096"
"E:\PowerBuilder-decompile\Proactivesoft\Workshop Management System\pm.pbd","1268736"
"E:\PowerBuilder-decompile\Proactivesoft\Workshop Management System\powerfilter - Copy.pbd","1421312"
"E:\PowerBuilder-decompile\Proactivesoft\Workshop Management System\powerfilter.pbd","664576"
"E:\PowerBuilder-decompile\Proactivesoft\Workshop Management System\rentaldashboard.pbd","182784"
"E:\PowerBuilder-decompile\Proactivesoft\Workshop Management System\rentdash_r1.pbd","381952"
"E:\PowerBuilder-decompile\Proactivesoft\Workshop Management System\report_edit - Copy.pbd","51200"
"E:\PowerBuilder-decompile\Proactivesoft\Workshop Management System\report_edit.pbd","51200"
"E:\PowerBuilder-decompile\Proactivesoft\Workshop Management System\reservation - Copy.pbd","2387456"
"E:\PowerBuilder-decompile\Proactivesoft\Workshop Management System\reservation.pbd","4227584"
"E:\PowerBuilder-decompile\Proactivesoft\Workshop Management System\shared_r1.pbd","4608"
"E:\PowerBuilder-decompile\Proactivesoft\Workshop Management System\shared_s1.pbd","142336"
"E:\PowerBuilder-decompile\Proactivesoft\Workshop Management System\shared_t1.pbd","380416"
"E:\PowerBuilder-decompile\Proactivesoft\Workshop Management System\stock_fleet - Copy.pbd","58880"
"E:\PowerBuilder-decompile\Proactivesoft\Workshop Management System\stock_fleet.pbd","58880"
"E:\PowerBuilder-decompile\Proactivesoft\Workshop Management System\stock_gas.pbd","2009088"
"E:\PowerBuilder-decompile\Proactivesoft\Workshop Management System\stock_inv - Copy.pbd","776704"
"E:\PowerBuilder-decompile\Proactivesoft\Workshop Management System\stock_inv.pbd","776704"
"E:\PowerBuilder-decompile\Proactivesoft\Workshop Management System\tabled - Copy.pbd","919552"
"E:\PowerBuilder-decompile\Proactivesoft\Workshop Management System\tabled.pbd","919552"
"E:\PowerBuilder-decompile\Proactivesoft\Workshop Management System\timecontrol - Copy.pbd","2547712"
"E:\PowerBuilder-decompile\Proactivesoft\Workshop Management System\timecontrol.pbd","2549248"
"E:\PowerBuilder-decompile\Proactivesoft\Workshop Management System\unix.pbd","3118080"
"E:\PowerBuilder-decompile\Proactivesoft\Workshop Management System\uo_dll.pbd","99328"
"E:\PowerBuilder-decompile\Proactivesoft\Workshop Management System\utlfunc.pbd","200192"
"E:\PowerBuilder-decompile\Proactivesoft\Workshop Management System\webledger.pbd","44544"
"E:\PowerBuilder-decompile\Proactivesoft\Workshop Management System\ws - Copy.pbd","2966528"
"E:\PowerBuilder-decompile\Proactivesoft\Workshop Management System\ws.pbd","3076096"
"E:\PowerBuilder-decompile\Proactivesoft\Workshop Management System\ws_backup - Copy.pbd","590336"
"E:\PowerBuilder-decompile\Proactivesoft\Workshop Management System\ws_backup.pbd","590336"
"E:\PowerBuilder-decompile\Proactivesoft\Workshop Management System\ws_custom - Copy.pbd","3196928"
"E:\PowerBuilder-decompile\Proactivesoft\Workshop Management System\ws_custom.pbd","3540480"
"E:\PowerBuilder-decompile\Proactivesoft\Workshop Management System\ws_fleet - Copy.pbd","1830400"
"E:\PowerBuilder-decompile\Proactivesoft\Workshop Management System\ws_fleet.pbd","1938944"
"E:\PowerBuilder-decompile\Proactivesoft\Workshop Management System\ws_gr1 - Copy.pbd","2249728"
"E:\PowerBuilder-decompile\Proactivesoft\Workshop Management System\ws_gr1.pbd","2250752"
"E:\PowerBuilder-decompile\Proactivesoft\Workshop Management System\ws_gr2 - Copy.pbd","664576"
"E:\PowerBuilder-decompile\Proactivesoft\Workshop Management System\ws_gr2.pbd","666624"
"E:\PowerBuilder-decompile\Proactivesoft\Workshop Management System\ws_l1 - Copy.pbd","428032"
"E:\PowerBuilder-decompile\Proactivesoft\Workshop Management System\ws_l1.pbd","428032"
"E:\PowerBuilder-decompile\Proactivesoft\Workshop Management System\ws_new - Copy.pbd","1384448"
"E:\PowerBuilder-decompile\Proactivesoft\Workshop Management System\ws_new.pbd","1388544"
"E:\PowerBuilder-decompile\Proactivesoft\Workshop Management System\ws_q1 - Copy.pbd","393216"
"E:\PowerBuilder-decompile\Proactivesoft\Workshop Management System\ws_q1.pbd","399872"
"E:\PowerBuilder-decompile\Proactivesoft\Workshop Management System\ws_r1 - Copy.pbd","6477824"
"E:\PowerBuilder-decompile\Proactivesoft\Workshop Management System\ws_r1.pbd","7710720"
"E:\PowerBuilder-decompile\Proactivesoft\Workshop Management System\ws_r2 - Copy.pbd","3854848"
"E:\PowerBuilder-decompile\Proactivesoft\Workshop Management System\ws_r2.pbd","4211712"
"E:\PowerBuilder-decompile\Proactivesoft\Workshop Management System\ws_r3 - Copy.pbd","3484672"
"E:\PowerBuilder-decompile\Proactivesoft\Workshop Management System\ws_r3.pbd","3589120"
"E:\PowerBuilder-decompile\Proactivesoft\Workshop Management System\ws_r4 - Copy.pbd","5537280"
"E:\PowerBuilder-decompile\Proactivesoft\Workshop Management System\ws_r4.pbd","5683200"
"E:\PowerBuilder-decompile\Proactivesoft\Workshop Management System\ws_s1 - Copy.pbd","3856384"
"E:\PowerBuilder-decompile\Proactivesoft\Workshop Management System\ws_s1.pbd","4278784"
"E:\PowerBuilder-decompile\Proactivesoft\Workshop Management System\ws_s2 - Copy.pbd","3848704"
"E:\PowerBuilder-decompile\Proactivesoft\Workshop Management System\ws_s2.pbd","3986944"
"E:\PowerBuilder-decompile\Proactivesoft\Workshop Management System\ws_s3 - Copy.pbd","2965504"
"E:\PowerBuilder-decompile\Proactivesoft\Workshop Management System\ws_s3.pbd","3111424"
"E:\PowerBuilder-decompile\Proactivesoft\Workshop Management System\ws_sales - Copy.pbd","3250176"
"E:\PowerBuilder-decompile\Proactivesoft\Workshop Management System\ws_sales.pbd","4115456"
"E:\PowerBuilder-decompile\Proactivesoft\Workshop Management System\ws_stock - Copy.pbd","909824"
"E:\PowerBuilder-decompile\Proactivesoft\Workshop Management System\ws_stock.pbd","1514496"
"E:\PowerBuilder-decompile\Proactivesoft\Workshop Management System\ws_t1 - Copy.pbd","4576256"
"E:\PowerBuilder-decompile\Proactivesoft\Workshop Management System\ws_t1.pbd","5076480"
"E:\PowerBuilder-decompile\Proactivesoft\Workshop Management System\ws_t2 - Copy.pbd","3841024"
"E:\PowerBuilder-decompile\Proactivesoft\Workshop Management System\ws_t2.pbd","4377600"
"E:\PowerBuilder-decompile\Proactivesoft\Workshop Management System\ws_t3 - Copy.pbd","4451328"
"E:\PowerBuilder-decompile\Proactivesoft\Workshop Management System\ws_t3.pbd","4707840"
"E:\PowerBuilder-decompile\Proactivesoft\Workshop Management System\ws_t4 - Copy.pbd","1085952"
"E:\PowerBuilder-decompile\Proactivesoft\Workshop Management System\ws_t4.pbd","1147904"
"E:\PowerBuilder-decompile\Proactivesoft\Workshop Management System\ws_t5 - Copy.pbd","2803712"
"E:\PowerBuilder-decompile\Proactivesoft\Workshop Management System\ws_t5.pbd","2975232"
